id;passport_no;passport_exp_date;telephone_no;nationality;marital_status;religion;is_spous_employed;no_of_children;created_by;created_on;last_modified;last_modified_by;deleted;employee_id;age;father_name;mother_name;aadhar_no;blood_group;dob;expertise;hobbies;area_interest;language_known;description
1;salmon Locks;2023-02-07T16:35:21;Berkshire;Ohio Future Industrial;SINGLE;syndicate programming;false;12616;Steel;2023-02-07T22:55:26;2023-02-08T05:43:56;Optimization monitor;true;7050;84156;Rubber deposit indexing;Pound SSL;Bedfordshire withdrawal Sweden;O_NEGATIVE;2023-02-07;back-end Home streamline;User-friendly deposit Islands;open-source application Baby;magnetic Tasty Lesotho;payment portals
2;Fantastic;2023-02-07T21:11:18;encryption;Global;OTHER;bypassing CFA;true;49057;Ball;2023-02-07T18:07:51;2023-02-07T08:45:36;connecting;true;96741;20849;Developer Mexico;solution-oriented;array lavender Fantastic;B_POSITIVE;2023-02-07;Principal channels;Clothing neural;synthesize bypass;deposit digital;Metal Music SQL
3;Tactics User-friendly;2023-02-07T18:40:11;auxiliary real-time Unbranded;Saint;MARRIED;Generic;true;1888;Common copy transparent;2023-02-07T18:35:32;2023-02-07T10:33:34;program Berkshire Facilitator;true;44700;77101;Plastic;User-friendly New service-desk;Granite plum XML;O_NEGATIVE;2023-02-07;Clothing Pound card;Dynamic;programming;connecting;Fish rich
4;Arizona Avon monitor;2023-02-07T19:35:46;Awesome National;Ball;WIDOW;Gorgeous HTTP;true;71258;Corners Mouse metrics;2023-02-07T15:24:56;2023-02-07T13:45:51;Soap Plastic Planner;true;3436;2181;front-end;Bedfordshire Rubber payment;and Bedfordshire navigate;A_NEGATIVE;2023-02-07;Isle back Fantastic;relationships;even-keeled Tajikistan;mesh;Strategist pixel
5;Shoes;2023-02-07T07:34:49;Shoes Avon;generate multi-byte plug-and-play;OTHER;Cloned withdrawal withdrawal;false;63107;Grocery;2023-02-08T00:06:31;2023-02-08T03:29:31;Multi-layered Associate empower;true;88067;86239;Interactions embrace;invoice Buckinghamshire;Cotton Virtual;O_NEGATIVE;2023-02-07;Manor;Berkshire Associate needs-based;deliverables hack;Tonga Games;Re-engineered Sleek Steel
6;Borders;2023-02-07T08:30:51;Table Web;Cyprus;SINGLE;Forward;false;33889;customized;2023-02-07T16:17:39;2023-02-07T16:26:50;global;false;61293;17412;TCP Plastic;Refined Unbranded;Frozen Iranian channels;A_POSITIVE;2023-02-07;invoice;distributed;Points Web;Croatia SCSI;redundant
7;card;2023-02-08T05:57:42;full-range Auto;info-mediaries Alabama Account;OTHER;Avon Account;true;73005;Down-sized TCP budgetary;2023-02-07T09:42:47;2023-02-07T16:23:57;Soap Facilitator;true;35339;83998;indexing;Handmade enhance override;Self-enabling Multi-layered deposit;AB_POSITIVE;2023-02-07;quantify Bike;Steel;Investor Garden THX;user bricks-and-clicks;cross-platform AI mindshare
8;turquoise Wooden Outdoors;2023-02-08T02:07:29;tan Customer-focused fresh-thinking;Account;OTHER;Account;false;97219;Lek;2023-02-07T09:08:45;2023-02-07T13:01:48;cohesive Fresh Pants;true;60797;99748;Account;workforce Japan Account;Metal FTP Senior;O_NEGATIVE;2023-02-07;Account Tasty;Home;haptic Togo experiences;e-services Rial;Computers Granite Incredible
9;bandwidth;2023-02-08T03:50:02;Locks network;Small Concrete;WIDOW;Coordinator Practical Verde;false;22900;lavender;2023-02-07T19:00:09;2023-02-07T06:59:42;up;false;96398;53642;didactic distributed;platforms Cambridgeshire;streamline;O_NEGATIVE;2023-02-07;User-friendly compelling;Wells Intranet;generation sexy;bricks-and-clicks Secured Fantastic;firewall up
10;vortals Chicken Product;2023-02-07T12:54:43;Representative hard Account;Refined;MARRIED;Program;false;92264;salmon Guinea;2023-02-07T20:32:07;2023-02-07T13:25:18;Concrete;false;70435;27876;Shoes;Integrated;Liaison panel Idaho;A_POSITIVE;2023-02-08;edge Direct;initiatives incentivize Upgradable;Maryland Configuration Incredible;Intelligent mobile Operations;Garden Cambridgeshire deposit
